{
    "keep": {
        "days": true,
        "amount": 14
    },
    "auditLog": "public\\logs\\.4b7b45cd7fe6bcce2e4679dac81bdaea086574aa-audit.json",
    "files": [
        {
            "date": 1718617253806,
            "name": "public\\logs\\logs_Error-June-17-2024.log",
            "hash": "6de58d9f4fdcb4e06c3fd623cf99338b556f465662431e102e977deeb2141347"
        },
        {
            "date": 1718691064390,
            "name": "public\\logs\\logs_Error-June-18-2024.log",
            "hash": "47424361b24dec8d534d25b88ce3dfa99d19781ffb07c611892488623a480f3f"
        }
    ],
    "hashType": "sha256"
}