{
    "keep": {
        "days": true,
        "amount": 14
    },
    "auditLog": "public\\logs\\.51f37f42d1ac6bbabe2b932d64fb724544871c8a-audit.json",
    "files": [
        {
            "date": 1718617253810,
            "name": "public\\logs\\logs_Warn-June-17-2024.log",
            "hash": "8bc9c91f9089007238fc18d798015698b6c5867e896fd5913d5f04051c862835"
        },
        {
            "date": 1718691064395,
            "name": "public\\logs\\logs_Warn-June-18-2024.log",
            "hash": "3e6208d34467d85d3706d1765b9ef618a71540b4aaaa4e86be0a4ea614e8413b"
        }
    ],
    "hashType": "sha256"
}