{
    "keep": {
        "days": true,
        "amount": 14
    },
    "auditLog": "public\\logs\\.7ecce075cad6d174a842f32c274e31d769bda5f7-audit.json",
    "files": [
        {
            "date": 1718617460986,
            "name": "public\\logs\\logs_Internal-June-17-2024.log",
            "hash": "3246cabd8cea73ca35cf1d111ef2f1ade7528ec5849ed6309d71172c07d9e9df"
        },
        {
            "date": 1718691064409,
            "name": "public\\logs\\logs_Internal-June-18-2024.log",
            "hash": "9b27c95a517c3052c07edc18f07e1cffbd5844603a6209c6f1982dea91df6393"
        }
    ],
    "hashType": "sha256"
}