{
    "keep": {
        "days": true,
        "amount": 14
    },
    "auditLog": "public\\logs\\.cd37d99983227ecbc0c5f653d9a8811fd1545ade-audit.json",
    "files": [
        {
            "date": 1718617253802,
            "name": "public\\logs\\logs_Info-June-17-2024.log",
            "hash": "c45a8f4d31fefab4117e3bcafb76b7e081662c2ea14c9747cb20234c4c35bf3b"
        },
        {
            "date": 1718691064383,
            "name": "public\\logs\\logs_Info-June-18-2024.log",
            "hash": "6457dcd096426c6eb591302970743aa2c8a14506e18feb14e728cf7fc0584a73"
        }
    ],
    "hashType": "sha256"
}